DATE,BALANCE AMT,DEPOSIT AMT,WITHDRAWAL AMT,balance_lag1,deposit_lag1,withdrawal_lag1,balance_ma7,deposit_ma7,anomaly,LR_Pred,RF_Pred,LSTM_Pred
2018-05-09,664320.0,107429425.50999999,109446815.11,-1684896388.4900038,101572575.7,107476379.78,-1311327608.2814329,94912206.85142858,1,-1251069524.1367426,-1387763568.1769042,-1342831500.0
2018-05-10,-1905668392.3100128,94956188.17,92973919.98,664320.0,107429425.50999999,109446815.11,-1313209547.7985759,94610730.64714286,1,-1512543218.366197,-1071969624.8846033,-1417872100.0
2018-05-11,-1677071299.100004,121819385.2,105378010.67,-1905668392.3100128,94956188.17,92973919.98,-1311503492.2928615,96579975.17142858,1,-1215198344.288089,-939485267.8853023,-1336265600.0
2018-05-12,-1872643921.660013,5200000.0,0.0,-1677071299.100004,121819385.2,105378010.67,-1339088888.4571483,80573441.04714286,1,-1277417549.4360478,-1408317923.3450046,-1361977500.0
2018-05-13,-1867843921.660013,1400000.0,0.0,-1872643921.660013,5200000.0,0.0,-1364453553.4442925,80766298.61857143,1,-1286961813.8436918,-1152142181.3783035,-1377015700.0
2018-05-14,-1690103627.100004,192359182.12,207462787.3,-1867843921.660013,1400000.0,0.0,-1528223318.61715,89248108.10000001,1,-1484898940.5164347,-1217751425.399304,-1491027000.0
2018-05-15,-546205284.9500006,87109699.32,89765284.48,-1690103627.100004,192359182.12,207462787.3,-1365553160.9685783,87181982.90285714,1,-1312770765.3870316,-1436924480.8787065,-1376737800.0
2018-05-16,-520724484.95000064,125225509.91,101039584.75999999,-546205284.9500006,87109699.32,89765284.48,-1440037275.9614356,89724280.67428572,1,-1580626249.7157497,-1598160627.848306,-1482063200.0
2018-05-17,-1899631866.8000128,90618836.23,98386502.46,-520724484.95000064,125225509.91,101039584.75999999,-1439174915.1742928,89104658.96857144,1,-1573581632.8362608,-1613875043.4806066,-1482683600.0
2018-05-18,-544148570.5500001,90795146.4,112967330.7,-1899631866.8000128,90618836.23,98386502.46,-1277328811.0957205,84672624.85428572,1,-1178110693.457976,-921580388.2974025,-1310813200.0
2018-05-19,-1687316850.5100043,82756354.13,84652545.95,-544148570.5500001,90795146.4,112967330.7,-1250853515.2171478,95752104.01571429,1,-1360643094.1680653,-1136962478.971803,-1345175400.0
2018-05-21,-1684121967.5100043,121905800.7,121182941.36,-1687316850.5100043,82756354.13,84652545.95,-1224607521.7671466,112967218.40142857,1,-1147355919.3813975,-1113675623.0043025,-1283261000.0
2018-05-22,-1437328354.490003,93909247.26,97822946.29,-1684121967.5100043,121905800.7,121182941.36,-1188496768.5371466,98902941.99285714,1,-1101510817.8382213,-1325279629.2396042,-1254398800.0
2018-05-23,-1895214937.410013,91909926.61,87186663.94,-1437328354.490003,93909247.26,97822946.29,-1381212433.1742914,99588688.74857143,1,-1372786372.7402694,-1343836443.6943045,-1402505700.0
2018-05-24,-546242784.8200005,75438399.03,77573725.28,-1895214937.410013,91909926.61,87186663.94,-1384857904.5842912,92476244.33714285,1,-1303700972.8078747,-1272744819.599804,-1388289800.0
2018-05-25,-1686221090.3800042,112087861.7,149985700.88,-546242784.8200005,75438399.03,77573725.28,-1354370650.810004,95543247.97571428,1,-1478883285.6281085,-1308911125.1936035,-1422175700.0
2018-05-26,-1879433581.240013,6196244.0,0.0,-1686221090.3800042,112087861.7,149985700.88,-1545125652.3371487,83457690.49,1,-1538788156.5278127,-1266280344.5866032,-1503649000.0
2018-05-28,1566057.0,173123810.46,182793966.98,-1879433581.240013,6196244.0,0.0,-1303856665.5500052,96367327.10857143,1,-1213562219.5666766,-1046434716.8539028,-1335483600.0
2018-05-29,-543285960.8400005,86276396.38,86822491.38,1566057.0,173123810.46,182793966.98,-1140880093.1685762,91277412.20571427,1,-1305501101.8098965,-1082608648.7040026,-1285869400.0
2018-05-30,-543780600.0300002,76828498.21,80556574.34,-543285960.8400005,86276396.38,86822491.38,-1013230413.9600046,88837305.19857143,1,-1070564207.5123984,-1368194353.6953037,-1169917700.0
2018-05-31,-548062512.9200009,81480934.22,84241591.15,-543780600.0300002,76828498.21,80556574.34,-820780067.6042883,87347449.14285715,1,-841965766.6596138,-1164116152.288103,-1023802800.0
2018-06-01,-1670946362.6600044,92947447.66,92543380.96000001,-548062512.9200009,81480934.22,84241591.15,-981452007.2957175,89848741.80428572,1,-1032792153.2122303,-1336832805.0960042,-1146028200.0
2018-06-02,-545625125.8400009,102986491.58,91503700.74,-1670946362.6600044,92947447.66,92543380.96000001,-818509726.6471456,88548546.07285714,1,-662883405.6789043,-1087856280.4311028,-981417700.0
2018-06-03,-546177696.9900008,1100.0,0.0,-545625125.8400009,102986491.58,91503700.74,-628044600.3257153,87663525.50142857,1,-605550949.8320187,-1144570601.0144022,-873387900.0
2018-06-04,-547537091.350001,142316017.63,140034306.82,-546177696.9900008,1100.0,0.0,-706487907.2328584,83262412.24,1,-707905453.559962,-1128285490.1216028,-941714700.0
2018-06-05,-1890911887.3600128,87486038.72,94883576.36,-547537091.350001,142316017.63,140034306.82,-899005896.7357172,83435218.28857143,1,-929507790.4952444,-1024868803.7697042,-1078899200.0
2018-06-06,-547541885.510001,83652172.0,80656303.95,-1890911887.3600128,87486038.72,94883576.36,-899543223.2328602,84410028.83,1,-728163047.0336461,-1072074553.2767028,-1035627460.0
2018-06-07,-1679170724.1500044,83570565.66,90020714.65,-547541885.510001,83652172.0,80656303.95,-1061130110.551432,84708547.60714285,1,-1126121329.2237737,-1408660668.2493033,-1205585800.0
2018-06-08,-1689362081.1500044,108901510.98,101441487.84,-1679170724.1500044,83570565.66,90020714.65,-1063760927.478575,86987699.51,1,-957096606.6426542,-1248658122.373703,-1163892000.0
2018-06-11,-542524985.2000002,205182678.35,199952193.49,-1689362081.1500044,108901510.98,101441487.84,-1063318050.2442893,101587154.76285712,1,-949913451.1086061,-1079970000.6147025,-1164011500.0
2018-06-12,-1892641973.2900133,97855006.62,108659304.46000001,-542524985.2000002,205182678.35,199952193.49,-1255670089.7157195,115566284.28,1,-1353011269.6319506,-1212299854.867407,-1347607300.0
2018-06-13,-1689459129.2600043,102497080.12,100184025.42,-1892641973.2900133,97855006.62,108659304.46000001,-1418801809.4171486,109877864.63571429,1,-1349361084.565361,-1511587187.4685047,-1412700900.0
2018-06-14,-1896613929.830013,107585885.17,91735409.73,-1689459129.2600043,102497080.12,100184025.42,-1419616386.912863,112749271.27142857,1,-1377712824.524549,-1614624845.3000047,-1421371400.0
2018-06-15,-546148348.0000004,109720526.16,107939122.0,-1896613929.830013,107585885.17,91735409.73,-1419417310.1257198,116473321.8657143,1,-1341264299.3674219,-1395151142.8173041,-1414635100.0
2018-06-16,-546127553.0600003,230359.0,0.0,-546148348.0000004,109720526.16,107939122.0,-1257553999.970005,104567578.05714285,1,-1360488623.964307,-1462526358.8898041,-1351782500.0
2018-06-18,-545863543.4800005,185221999.29,185202699.01,-546127553.0600003,230359.0,0.0,-1094197066.0171475,115470504.95857143,1,-1171847151.4834492,-902770752.6807014,-1239044900.0
2018-06-19,-540336150.8300006,94118086.29,106756054.39,-545863543.4800005,185221999.29,185202699.01,-1093884375.3928618,99604134.66428573,1,-1161398440.8181293,-924530892.6717029,-1225808800.0
2018-06-20,-542766026.7700002,91661815.58,98310104.86,-540336150.8300006,94118086.29,106756054.39,-901044954.4614314,98719393.08714284,1,-940395522.2384442,-840914123.1457025,-1084783000.0
2018-06-21,-1682812890.9500046,89451294.86,91348060.54,-542766026.7700002,91661815.58,98310104.86,-900095491.8457171,96855709.47857143,1,-937199797.6979288,-899072878.3558023,-1084366800.0
2018-06-22,-542790859.0200002,132905672.28,117379684.13,-1682812890.9500046,89451294.86,91348060.54,-706692196.0157152,100472821.92285715,1,-528622790.38487035,-912506670.2412019,-897216830.0
2018-06-23,-1700071473.9500046,166000.0,20500.0,-542790859.0200002,132905672.28,117379684.13,-871538356.8657159,84822175.32857144,1,-894048019.6067002,-955804686.6297029,-1059909250.0
2018-06-25,-1885051683.340013,119337754.41,125029475.36,-1700071473.9500046,166000.0,20500.0,-1062813232.6200033,101837517.53,1,-955567469.0166091,-1014577770.4408026,-1168715900.0
2018-06-26,-1685108976.9500046,69674357.11,534061882.99,-1885051683.340013,119337754.41,125029475.36,-1225562580.2585754,85330711.50428571,1,-1116405445.9283621,-1192382938.041504,-1273212800.0
2018-06-27,-526654532.16000056,72052829.4,55312557.4,-1685108976.9500046,69674357.11,534061882.99,-1223608063.3057182,82178531.94857143,1,-1282967750.4025064,-1220391998.7246032,-1255881500.0
2018-06-28,-1927562291.0300035,51609679.89,55995999.019999996,-526654532.16000056,72052829.4,55312557.4,-1421436101.0571475,76456798.27857143,1,-1556161738.275683,-1616471171.3829055,-1469992000.0
2018-06-29,-1689492755.3700044,75976021.05,75001255.05,-1927562291.0300035,51609679.89,55995999.019999996,-1422390367.4028614,74531759.16285715,1,-1347906099.251213,-1052360680.7110023,-1412825200.0
2018-06-30,-526388803.02000046,91012038.15,98224654.75,-1689492755.3700044,75976021.05,75001255.05,-1420047216.5457187,68546954.28714286,1,-1378905023.5927753,-1322504586.8212042,-1418398100.0
2018-07-02,-1885829252.970013,123096539.24,117873896.72,-526388803.02000046,91012038.15,98224654.75,-1446584042.1200058,86108459.89285715,1,-1592560625.0747485,-1587765882.3782063,-1486729600.0
2018-07-03,-1682153168.5400045,73190448.59,72181837.28,-1885829252.970013,123096539.24,117873896.72,-1417598540.0057187,79515987.63285713,1,-1342145665.5695133,-1538587770.2275054,-1409407000.0
2018-07-04,-1667429286.5800045,91844009.16,95803517.21,-1682153168.5400045,73190448.59,72181837.28,-1415072869.9528615,82683080.78285715,1,-1374590849.3665307,-1275250262.5605035,-1416565800.0
2018-07-05,-1682412487.6400044,89364276.36,90450386.75,-1667429286.5800045,91844009.16,95803517.21,-1580181149.307148,85156144.63428572,1,-1574668509.335535,-1488534696.5041037,-1530829400.0
2018-07-06,-1674977431.2500043,100604518.58,102226686.7,-1682412487.6400044,89364276.36,90450386.75,-1544097597.910005,92155407.30428572,1,-1528700806.68762,-1492452901.8111038,-1506394200.0
2018-07-07,-542861957.5800003,93282718.44,100759696.44,-1674977431.2500043,100604518.58,102226686.7,-1380293198.2257187,94627792.64571428,1,-1333777658.3109522,-1457198254.989905,-1392348400.0
2018-07-08,-1888869581.0800133,1200011.52,0.0,-542861957.5800003,93282718.44,100759696.44,-1574933309.3771493,81797503.12714286,1,-1743202979.7963698,-1687965847.8564053,-1575420300.0
2018-07-09,-528501381.1500006,154312114.38,147752242.89,-1888869581.0800133,1200011.52,0.0,-1381029327.6885757,86256871.00428571,1,-1305786490.4553046,-1429623030.5540042,-1388414600.0
2018-07-10,-547581589.5200008,83461791.94,92180847.28999999,-528501381.1500006,154312114.38,147752242.89,-1218947673.5428612,87724205.76857142,1,-1312901913.2706587,-1288616508.673205,-1320143200.0
2018-07-11,-546153903.0000005,82968759.19,91838370.91,-547581589.5200008,83461791.94,92180847.28999999,-1058765475.8885748,86456312.91571428,1,-1126803041.2037075,-1385755719.3329036,-1203171000.0
2018-07-12,-543614016.9200003,90261083.38,90593138.55,-546153903.0000005,82968759.19,91838370.91,-896079980.0714314,86584428.20428571,1,-932734843.5902555,-1203216920.5548034,-1080378400.0
2018-07-13,-1905721960.710013,95652546.82,94413820.56,-543614016.9200003,90261083.38,90593138.55,-929043484.2800039,85877003.66714285,1,-969585667.5311446,-1262881165.1656036,-1105644700.0
2018-07-14,-1690181709.900004,70070.0,0.0,-1905721960.710013,95652546.82,94413820.56,-1092946306.0400045,72560911.03285715,1,-953653808.8764702,-1077299748.5399024,-1177016000.0
2018-07-16,-546180448.0500005,197962557.32,175136182.83,-1690181709.900004,70070.0,0.0,-901133572.7500027,100669846.14714286,1,-763933872.5032065,-803094287.115203,-1049753540.0
2018-07-17,1169250.3599999975,76830044.33,96041395.99,-546180448.0500005,197962557.32,175136182.83,-825466339.6771456,89600978.99714284,1,-833007139.5746521,-987092813.8628036,-1020846000.0
2018-07-18,-1687424511.440004,87085077.83,94129622.37,1169250.3599999975,76830044.33,96041395.99,-988301042.8085747,90118591.26714286,1,-1131029003.1994808,-1523304364.3398044,-1175962500.0
2018-07-19,-1902726470.5900133,114627960.72,108699331.33,-1687424511.440004,87085077.83,94129622.37,-1182097123.892862,94641334.34285714,1,-1097380722.2218323,-1172267460.6606028,-1250406800.0
2018-07-20,-1687790126.1200042,88051843.05,87582024.65,-1902726470.5900133,114627960.72,108699331.33,-1345550853.778577,94325728.58142856,1,-1254068435.3872633,-1348425595.2373047,-1359764900.0
2018-07-21,993661.5299999975,111083580.94,93619588.45,-1687790126.1200042,88051843.05,87582024.65,-1073162907.7442895,96530162.02714287,1,-964956793.8019751,-1119787688.1354022,-1171519500.0
2018-07-23,-543955736.0900003,117443490.75,115240476.17,993661.5299999975,111083580.94,93619588.45,-909416340.0571461,113297793.56285715,1,-1024702605.8415197,-1338143298.0374043,-1119558000.0
2018-07-24,999556.0,82769339.77,82685148.28999999,-543955736.0900003,117443490.75,115240476.17,-831247768.0500032,96841619.62714286,1,-850785967.162624,-712717669.9964015,-1030423740.0
2018-07-25,-1681105400.360004,79243656.07,79056373.41,999556.0,82769339.77,82685148.28999999,-1071572718.1528609,97186421.30428572,1,-1224655934.8384645,-1277869310.8315032,-1241002900.0
2018-07-26,-543800876.3400002,71646438.3,76364572.05,-1681105400.360004,79243656.07,79056373.41,-908197913.1385746,94980901.37142858,1,-769414507.471518,-1167294064.0150027,-1049863360.0
2018-07-27,-1888150315.5500135,121320725.04,105792873.25,-543800876.3400002,71646438.3,76364572.05,-906115605.2757174,95937010.55999999,1,-944697007.8415228,-1214416759.2902036,-1090358500.0
2018-07-28,-546217734.2900004,10100.0,0.0,-1888150315.5500135,121320725.04,105792873.25,-743033835.0142883,83359618.69571428,1,-533022528.68615335,-1009700944.9085023,-917271360.0
2018-07-30,1578731.0,148902086.68,161190958.85,-546217734.2900004,10100.0,0.0,-742950253.6614312,88762262.37285714,1,-751596873.9177468,-1156407724.4853027,-970434050.0
2018-07-31,-1683021300.880004,102768659.77,93463335.32,1578731.0,148902086.68,161190958.85,-905673905.7742889,86665857.94714285,1,-1026436011.3851562,-1404108215.705004,-1107796100.0
2018-08-01,-1688804328.7800038,70051581.97,71560042.24,-1683021300.880004,102768659.77,93463335.32,-1147074460.7428608,84849035.40428571,1,-1050316531.6455663,-1061544849.5777025,-1224486500.0
2018-08-02,-543909873.6800003,70487411.52,62057456.96,-1688804328.7800038,70051581.97,71560042.24,-984617956.9314317,83598143.32571428,1,-860223522.5210638,-1387165416.1689034,-1105997800.0
2018-08-03,-543914519.0500004,81298733.15,87909810.05,-543909873.6800003,70487411.52,62057456.96,-984634191.6042889,84977042.59,1,-1034390498.987381,-1365395685.8923042,-1149623800.0
2018-08-04,1030296.1199999972,78421491.25,77216877.37,-543914519.0500004,81298733.15,87909810.05,-714751247.0800012,78848580.62,1,-715671529.324632,-1202190622.957903,-940365400.0
2018-08-06,-1897754968.2500136,115134788.79,120363355.12,1030296.1199999972,78421491.25,77216877.37,-907827994.7885746,95294964.73285714,1,-1028883804.2534683,-1473624160.435304,-1116874200.0
2018-08-07,962650.0,60282242.57,63009621.46,-1897754968.2500136,115134788.79,120363355.12,-907916006.3600032,82634987.00285713,1,-734961189.1660445,-925505744.080503,-1040069200.0
2018-08-08,-528243593.1000006,83314035.52,78639007.94,962650.0,60282242.57,63009621.46,-742947762.3914312,79855754.96714285,1,-833619018.9655687,-1418043313.0046034,-988566700.0
2018-08-09,-1685982840.8400035,74270508.59,73888779.68,-528243593.1000006,83314035.52,78639007.94,-742544692.6857169,80458458.77,1,-747902314.1099441,-1164071106.6326025,-963509700.0
2018-08-10,-1884188003.040014,109089203.49,98128862.56,-1685982840.8400035,74270508.59,73888779.68,-934012996.8800046,85973000.48,1,-799480199.3271888,-1206797322.7612028,-1068567300.0
2018-08-11,-528520205.54000056,202965.0,0.0,-1884188003.040014,109089203.49,98128862.56,-931813809.2357188,74387890.74428572,1,-760942454.173809,-1001213107.5702031,-1058967940.0
2018-08-13,-488145905.54000056,159690115.1,168411477.53,-528520205.54000056,202965.0,0.0,-1001696123.7585763,85997694.15142857,1,-1063324639.6263276,-1275283925.5835032,-1167425800.0
2018-08-14,-544205442.2200004,93540682.77,90959655.42,-488145905.54000056,159690115.1,168411477.53,-808331905.7542886,82912821.86285713,1,-832680816.5196556,-998910074.323903,-1009503400.0
2018-08-16,-547225320.9100009,126366889.92999999,118592085.14,-544205442.2200004,93540682.77,90959655.42,-886644473.0271457,92353485.77142857,1,-917969311.1686428,-1159066039.5376034,-1074090800.0
2018-08-17,-513958266.04000056,47443818.99,57567710.34,-547225320.9100009,126366889.92999999,118592085.14,-884603712.0185744,87229169.12428571,1,-911666371.7201076,-908834757.2902026,-1069875400.0
2018-08-18,-1895704346.220014,79779305.38,74382474.43,-513958266.04000056,47443818.99,57567710.34,-914563927.0728616,88016140.09428571,1,-962081479.4381939,-1247966205.817903,-1098439000.0
2018-08-20,-528526813.27000046,122695052.78,114881230.16,-1895704346.220014,79779305.38,74382474.43,-720898042.8200026,89959832.85,1,-510761598.57327265,-1111823058.9405024,-902915140.0
2018-08-21,-1897731756.4400144,60005068.67,73113907.89,-528526813.27000046,122695052.78,114881230.16,-916499692.948576,98502990.51714286,1,-953131659.6748276,-696300601.8671023,-1096667800.0
2018-08-22,-1893030665.2200143,700000.0,0.0,-1897731756.4400144,60005068.67,73113907.89,-1117197515.7600064,75790116.93142857,1,-990064590.6500571,-1158403214.6187027,-1196075500.0
2018-08-23,-1684894452.4500034,130012322.39,131467921.85,-1893030665.2200143,700000.0,0.0,-1280153088.650007,81000351.16285715,1,-1184666157.8829112,-1058614550.0633031,-1316973700.0
2018-08-24,-528570216.8100005,79409846.43,73987212.58,-1684894452.4500034,130012322.39,131467921.85,-1277488073.7785783,74292202.09142856,1,-1207304836.7228754,-1445602877.7927046,-1315866400.0
2018-08-25,-528455892.89000046,500.0,0.0,-528570216.8100005,79409846.43,73987212.58,-1279559163.3285785,67514585.09285714,1,-1389090194.5294576,-1360211994.9479034,-1365736100.0
2018-08-27,-528553892.89000046,143704547.81,124517278.33,-528455892.89000046,500.0,0.0,-1084251955.7100048,76646762.58285715,1,-1161799999.9814725,-1168423684.8899026,-1227828900.0
2018-08-28,-548231439.250001,55961090.04,72278474.17,-528553892.89000046,143704547.81,124517278.33,-1087066902.2785764,67113339.33428572,1,-1151646818.553474,-1001359212.4814032,-1221151500.0
2018-08-29,-528592011.4000006,66565559.01,69461219.64,-548231439.250001,55961090.04,72278474.17,-891475510.1300029,68050552.24,1,-930071786.8986434,-1140567579.869903,-1075995900.0
2018-08-30,-544344788.7100004,73412601.63,67695608.04,-528592011.4000006,66565559.01,69461219.64,-698806099.200001,78438066.75857143,1,-698662870.7762246,-1169230710.2123027,-930082300.0
2018-08-31,-1684618055.5200033,63594239.05,76043485.83,-544344788.7100004,73412601.63,67695608.04,-698766613.9242867,68949769.13857143,1,-693035391.138219,-1161571783.1811028,-928518300.0
2018-09-01,-1684249589.1700034,61291444.25,60646045.769999996,-1684618055.5200033,63594239.05,76043485.83,-863863667.1185728,66361425.96999999,1,-719741088.9249811,-1138060548.9593027,-1014500300.0
2018-09-03,-528462345.0700007,99875282.75,101208913.51,-1684249589.1700034,61291444.25,60646045.769999996,-863864588.8585728,80629252.07714285,1,-716414424.3440877,-1178561328.059403,-1016616900.0
2018-09-04,-527971760.1600008,63940382.7,61460759.34,-528462345.0700007,99875282.75,101208913.51,-863781427.0400015,69234371.34714286,1,-893327478.3169837,-1019741737.3889027,-1053802500.0
2018-09-05,-1688707563.4100034,65221514.61,62851621.75,-527971760.1600008,63940382.7,61460759.34,-1026706587.6342876,70557289.14285715,1,-1088859378.4501708,-1272863570.4070034,-1180219500.0
2018-09-06,-517359028.3800007,67482097.29,70093564.1,-1688707563.4100034,65221514.61,62851621.75,-1025101875.7742875,70688223.18285714,1,-907390009.9208267,-1343319360.272703,-1135380900.0
2018-09-07,-1689309311.7300034,64624402.46,65802719.06,-517359028.3800007,67482097.29,70093564.1,-1188668236.2057166,69432766.15857144,1,-1285286277.7488742,-1326085602.5001035,-1300186800.0
2018-09-08,-528555564.45000064,101700.0,0.0,-1689309311.7300034,64624402.46,65802719.06,-1023516451.7671448,60362403.43714286,1,-906221669.814949,-1356531691.9721026,-1133189500.0
2018-09-10,-543336016.3900005,152931513.27,139722814.38,-528555564.45000064,101700.0,0.0,-860528798.5128585,73453841.86857143,1,-894383531.1647573,-1129117832.5420034,-1059452700.0
2018-09-11,-518655706.91000074,54588525.71,67132711.58,-543336016.3900005,152931513.27,139722814.38,-859127850.2042872,66984305.14857143,1,-878312660.3614078,-1086446305.2814047,-1046652900.0
2018-09-12,-1681903965.500003,69752205.44,70236487.29,-518655706.91000074,54588525.71,67132711.58,-1023975308.1100018,67814565.54,1,-1091898017.4999242,-1271052069.3680031,-1177732000.0
2018-09-13,-1690335471.500003,45704346.730000004,46555635.15,-1681903965.500003,69752205.44,70236487.29,-1024207866.4085732,65026398.7,1,-907834646.1146522,-1238169135.934403,-1134044400.0
2018-09-14,-1891572401.6900127,97274228.37,88086209.51,-1690335471.500003,45704346.730000004,46555635.15,-1220524062.595718,69282417.42571428,1,-1142559232.1989038,-1206673654.3587036,-1278147600.0
2018-09-15,-516341549.5000007,79413350.4,83979013.34,-1891572401.6900127,97274228.37,88086209.51,-1052957239.420003,71395124.27428572,1,-905604554.5392604,-1270817085.9105024,-1148495500.0
2018-09-17,-1897868356.6600127,123479001.15,118647823.72,-516341549.5000007,79413350.4,83979013.34,-1248573352.592862,89020453.01,1,-1357453255.4373505,-1210744006.1804028,-1345751000.0
2018-09-18,-1687469510.760003,64910390.550000004,62660972.85,-1897868356.6600127,123479001.15,118647823.72,-1412020994.6457193,76446006.90714286,1,-1333638085.9714599,-1534674420.1091056,-1404796900.0
2018-09-19,-1896911173.3600128,59519099.1,62841365.16,-1687469510.760003,64910390.550000004,62660972.85,-1608914632.710007,77150374.53428571,1,-1605286065.2477612,-1309474364.3550038,-1549905900.0
2018-09-20,-543711737.2100003,43563476.75,43601821.85,-1896911173.3600128,59519099.1,62841365.16,-1446315742.9542923,73409127.57857142,1,-1380470082.9274971,-1078418140.2620025,-1430184600.0
2018-09-21,-1690417217.1000035,67662071.37,67304998.46000001,-543711737.2100003,43563476.75,43601821.85,-1446327420.8971496,76545945.38428572,1,-1589723657.490732,-1599738107.201605,-1486998500.0
2018-09-24,-1669591311.0900035,208329786.91,234567509.83,-1690417217.1000035,67662071.37,67304998.46000001,-1414615836.5257194,92411025.17571428,1,-1373496517.556141,-1413272165.4301045,-1417000700.0
2018-09-25,-1894593226.6400125,99385865.73,123809664.08,-1669591311.0900035,208329786.91,234567509.83,-1611508933.2600071,95264241.65142858,1,-1612437062.755038,-1206231965.8455036,-1549379600.0
2018-09-26,-536878190.590001,75569312.15,106606049.49,-1894593226.6400125,99385865.73,123809664.08,-1417081766.6785767,88420000.3657143,1,-1350403606.3063054,-1403789256.109405,-1408794600.0
2018-09-27,-1690263728.2500036,51236765.269999996,55102379.160000004,-536878190.590001,75569312.15,106606049.49,-1417480940.6057193,86466625.32571428,1,-1564027725.11068,-1620712361.1284056,-1464709500.0
2018-09-28,-545865672.1300006,55307021.28,153267920.55,-1690263728.2500036,51236765.269999996,55102379.160000004,-1224474440.4300036,85864899.92285715,1,-1148305467.2793984,-1141613118.7909033,-1281957200.0
2018-09-29,-527748719.0100008,42821717.76,41005904.120000005,-545865672.1300006,55307021.28,153267920.55,-1222194009.258575,85758934.35285714,1,-1350137887.173906,-1395166706.520004,-1319478700.0
2018-09-30,-1930294011.910004,0.0,8451056.0,-527748719.0100008,42821717.76,41005904.120000005,-1256462122.8028607,76092924.15714286,1,-1364838007.4293175,-1241068582.3373027,-1351762400.0
2018-10-01,-546149652.6800008,105940537.44,102148452.25,-1930294011.910004,0.0,8451056.0,-1095970457.3157175,61465888.51857143,1,-961103670.785844,-1022614659.4687022,-1182067200.0
2018-10-02,-527685539.7900008,3300.0,0.0,-546149652.6800008,105940537.44,102148452.25,-900697930.6228589,47268379.12857143,1,-932308945.3028045,-980556852.9949026,-1078703500.0
2018-10-03,-527179472.7300008,89650161.35,90434241.38,-527685539.7900008,3300.0,0.0,-899312399.5000017,49279929.01428572,1,-940278279.3022826,-1072384386.400603,-1086237600.0
2018-10-04,-1689107493.8700037,61439991.53,70121384.87,-527179472.7300008,89650161.35,90434241.38,-899147223.1600016,50737532.76571429,1,-935689863.4293203,-1150490132.4095032,-1079526500.0
2018-10-05,-546328491.0600008,155421193.15,149955282.78,-1689107493.8700037,61439991.53,70121384.87,-899213340.1500018,65039557.31857143,1,-760247621.5719203,-1184628260.228003,-1041101700.0
2018-10-06,-528319190.2100008,40727269.17,38557405.89,-546328491.0600008,155421193.15,149955282.78,-899294836.0357159,64740350.377142854,1,-927935794.898268,-1005694468.2397037,-1076287700.0
2018-10-08,-548136825.8700008,89922035.37,87711947.88,-528319190.2100008,40727269.17,38557405.89,-701843809.4585726,77586355.42999999,1,-702182974.6098062,-1146727433.9229028,-934950600.0
2018-10-09,-544933918.4100009,53237085.53,58628022.93,-548136825.8700008,89922035.37,87711947.88,-701670133.134287,70057290.87142858,1,-696108454.2711104,-1156655347.6302025,-929084800.0
2018-10-10,-538264660.8700007,69572891.66,59141218.4,-544933918.4100009,53237085.53,58628022.93,-703181436.1457155,79995803.96571429,1,-702843208.8980654,-1195818190.206503,-933880900.0
2018-10-11,-523432029.90000063,59047012.33,67881500.75999999,-538264660.8700007,69572891.66,59141218.4,-702646087.1700013,75623925.53428571,1,-697589825.849408,-1181539725.2257028,-933230500.0
2018-10-12,-523667737.3800007,89580587.53999999,96189951.77,-523432029.90000063,59047012.33,67881500.75999999,-536154693.38571507,79644010.67857143,1,-507320135.16303915,-1226002682.0398026,-803319230.0
2018-10-13,-528246376.5100007,1200.0,0.0,-523667737.3800007,89580587.53999999,96189951.77,-533571534.1642865,57441154.51428572,1,-501366922.8003623,-1139780065.7168021,-796322800.0
2018-10-14,-528245476.5100007,900.0,0.0,-528246376.5100007,1200.0,0.0,-533561003.635715,51623101.775714286,1,-503282786.6700089,-1105522123.1472023,-804558100.0
2018-10-15,1374007.0,137415546.56,92594189.2,-528245476.5100007,900.0,0.0,-455059456.0828577,58407889.08857143,1,-409667118.6630378,-1105522123.1472023,-743515840.0
2018-10-16,-1684514524.7200031,74785856.71000001,118110141.95,1374007.0,137415546.56,92594189.2,-617856685.5557153,61486284.971428566,1,-665655688.5529916,-1331576239.6960032,-885640300.0
2018-10-17,-1686495741.7200031,57034793.16,57751081.39,-1684514524.7200031,74785856.71000001,118110141.95,-781889697.1057156,59695128.04285715,1,-630177735.8359429,-1021439638.7944022,-949478000.0
2018-10-18,-524053043.7600007,26385060.68,24963107.490000002,-1686495741.7200031,57034793.16,57751081.39,-781978413.3714298,55029134.95,1,-618218097.2443722,-1102093292.0066028,-953272060.0
2018-10-19,1020764.0499999966,61732326.230000004,36806941.5,-524053043.7600007,26385060.68,24963107.490000002,-707022913.167144,51050811.90571429,1,-709340315.7407105,-1094351062.8077025,-937424450.0
2018-10-20,-545916246.3000008,46777031.39,71166200.24,1020764.0499999966,61732326.230000004,36806941.5,-709547180.2800013,57733073.53285714,1,-784925112.0628953,-1399024036.3988032,-962079200.0
2018-10-22,-527943657.97000086,105243269.98,104870708.02,-545916246.3000008,46777031.39,71166200.24,-709504063.3457155,72767697.81571428,1,-716013436.7146639,-1144991169.8229027,-936881150.0
2018-10-23,-1891377745.2900116,66681967.04,68893592.07,-527943657.97000086,105243269.98,104870708.02,-979897170.8157171,62662900.74142857,1,-1031179729.9504669,-1028540473.609203,-1141139500.0
2018-10-24,-528214042.98000085,49523387.5,49446844.81,-1891377745.2900116,66681967.04,68893592.07,-814711387.7100025,59053976.56857143,1,-625670498.200435,-1010066635.311703,-972071740.0
2018-10-25,-1889845683.8900115,57080297.27,45771826.91,-528214042.98000085,49523387.5,49446844.81,-843761379.4485751,59060477.15571429,1,-871436318.7090907,-1134982190.186903,-1041239940.0
2018-10-26,-1687402767.260003,96497981.81,106802542.02,-1889845683.8900115,57080297.27,45771826.91,-1009954197.0914327,69076608.74571429,1,-855935315.4389709,-1156847557.2288027,-1119157500.0
2018-10-27,-528551893.3300009,6900.0,0.0,-1687402767.260003,96497981.81,106802542.02,-1085607433.8600042,60258690.71285714,1,-981704646.7956363,-1133541862.1019022,-1176534500.0
2018-10-29,-526412581.50000095,113542527.04,100272724.37,-528551893.3300009,6900.0,0.0,-1082821196.0314329,69796618.66285715,1,-1159900889.6822345,-1141467761.1763027,-1225963500.0
2018-10-30,-1678878175.330003,61680576.79,76085793.86,-526412581.50000095,113542527.04,100272724.37,-1247240412.7971475,63573376.77857143,1,-1346591816.9638116,-967614252.2809021,-1340536700.0
2018-10-31,-545540144.2500007,398692772.92999995,404952112.08,-1678878175.330003,61680576.79,76085793.86,-1054977898.3628601,111003491.90571427,1,-950759824.8177059,-927397266.3096015,-1160161300.0
2018-11-01,1136564.7099999962,59117877.14,54872875.339999996,-545540144.2500007,398692772.92999995,404952112.08,-979356382.9785744,112374133.28285715,1,-1015512196.1273874,-445386522.36230165,-1128517200.0
2018-11-02,-528109331.25000113,67644295.63,73856565.6,1136564.7099999962,59117877.14,54872875.339999996,-784822618.3157157,113883275.90571429,1,-882535194.1066856,-1333204318.1894028,-1026377800.0
2018-11-03,-527509342.0900011,41839499.35,37860572.11,-528109331.25000113,67644295.63,73856565.6,-619123557.5771439,106074921.2685714,1,-605158518.2807267,-936908071.8258017,-870691100.0
2018-11-04,-527982336.9000011,2500.0,0.0,-527509342.0900011,41839499.35,37860572.11,-619042192.3728583,106074292.69714284,1,-603509162.8272384,-926819101.8752018,-873779260.0
2018-11-05,-528634451.18000114,110341972.81,78919197.09,-527982336.9000011,2500.0,0.0,-619359602.327144,105617070.6642857,1,-607189148.8015547,-876517764.9445019,-877322430.0
2018-11-06,-1574217094.260004,75914476.42999999,92673020.12,-528634451.18000114,110341972.81,78919197.09,-604408019.3171443,107650484.89857142,1,-574167607.1089463,-851707330.8582014,-858885900.0
2018-11-07,-1678349416.390003,12780384.11,18370906.93,-1574217094.260004,75914476.42999999,92673020.12,-766237915.3371446,52520143.63857143,1,-620453015.7467073,-1070701103.6423028,-941819400.0
2018-11-08,-520817901.06000113,22345172.27,27583741.01,-1678349416.390003,12780384.11,18370906.93,-840802839.0185732,47266900.08571429,1,-693339044.4533905,-1015038781.9973028,-999916300.0
2018-11-09,-537292387.7900006,123511272.13,118288149.07000001,-520817901.06000113,22345172.27,27583741.01,-842114704.2385732,55247896.72857143,1,-873522650.8826591,-1106959824.4131029,-1041551170.0
2018-11-10,-528520067.7600011,1000.0,0.0,-537292387.7900006,123511272.13,118288149.07000001,-842259093.6200018,49270968.25,1,-862560299.132017,-868070570.9012022,-1033429200.0
2018-11-12,-523945995.07000107,136176333.76,139017345.24,-528520067.7600011,1000.0,0.0,-841682473.3585731,68724373.07285714,1,-871788869.1360753,-1043531236.9584031,-1044582800.0
2018-11-13,-547248994.4500005,48848090.449999996,55835166.83,-523945995.07000107,136176333.76,139017345.24,-844341693.8257159,59939532.73571428,1,-869092977.1278884,-970473116.271103,-1035239400.0
2018-11-14,1656599.0,81165462.76,55282974.379999995,-547248994.4500005,48848090.449999996,55835166.83,-619216880.5028582,60689673.64,1,-602388032.7510825,-1207014437.7963028,-866598340.0
2018-11-15,-545240559.9800007,55011361.19,76298017.68,1656599.0,81165462.76,55282974.379999995,-457344186.7300008,66722670.365714274,1,-482629676.40302676,-1374670098.724903,-762418300.0
2018-11-16,-1688748065.9700024,52461126.14,55881069.33,-545240559.9800007,55011361.19,76298017.68,-624191353.1457151,71024949.49,1,-612798402.7216095,-1201450773.0039027,-869885800.0
2018-11-17,-526375954.7000011,35096600.41,22437687.48,-1688748065.9700024,52461126.14,55881069.33,-622631862.7042867,58394282.10142857,1,-428620924.55273974,-1224425394.2898026,-832452500.0
2018-11-18,-528536348.54000103,200.0,0.0,-526375954.7000011,35096600.41,22437687.48,-622634188.5300009,58394167.815714285,1,-604567573.4793952,-1157643047.1481023,-872798100.0
2018-11-19,-527642212.89000106,85668197.97,77620166.91,-528536348.54000103,200.0,0.0,-623162219.647144,51178719.845714286,1,-610274971.102953,-1105522123.1472023,-874454200.0
2018-11-20,-545232237.9300007,63266177.68,79786270.25,-527642212.89000106,85668197.97,77620166.91,-622874111.5728581,53238446.592857145,1,-603216632.0111877,-1174985439.4973025,-867488640.0
2018-11-21,-1688867084.7100024,19304918.73,15474783.02,-545232237.9300007,63266177.68,79786270.25,-864377494.9600012,44401226.01714285,1,-897238789.3000563,-1134871710.5713034,-1052269100.0
2018-11-22,-1676128421.2100024,92517784.36,84859048.3,-1688867084.7100024,19304918.73,15474783.02,-1025932903.7071445,49759286.46999999,1,-909826513.2908801,-1284532083.2859027,-1137139200.0
2018-11-23,-545367256.1200007,14752437.25,20063036.99,-1676128421.2100024,92517784.36,84859048.3,-862592788.0142871,44372330.91428571,1,-711515778.9204406,-1077925628.639103,-1011609100.0
2018-11-26,-528186023.100001,152233975.06,127061898.02,-545367256.1200007,14752437.25,20063036.99,-862851369.214287,61106241.578571424,1,-895070516.3009189,-1089114063.3296034,-1057547200.0
2018-11-27,-526334523.100001,75591817.92,94269287.52,-528186023.100001,152233975.06,127061898.02,-862536822.7228584,71905044.13857143,1,-881357286.189051,-960533465.0506037,-1051454800.0
2018-11-28,-545560050.7500007,39434245.87,40628091.26,-526334523.100001,75591817.92,94269287.52,-865096513.8457155,65300193.83857143,1,-901532836.1464261,-1112589999.250503,-1054856260.0
2018-11-29,-539378678.7500007,56317354.44,72092966.33,-545560050.7500007,39434245.87,40628091.26,-864260291.1057156,64307504.80428571,1,-894284566.956465,-1097205078.1305032,-1057408500.0
2018-11-30,935138.489999996,39704451.57,36137158.03,-539378678.7500007,56317354.44,72092966.33,-622859973.5057151,67221723.78142856,1,-610322360.2080745,-1199134804.802603,-869029060.0
2018-12-01,1204061.609999996,43536527.61,46939206.96,935138.489999996,39704451.57,36137158.03,-383241047.38857204,60224401.38857143,1,-402602213.25857246,-1395393204.3003032,-704450900.0
2018-12-03,1071238.0,109083948.3,98600946.95,1204061.609999996,43536527.61,46939206.96,-305178405.371429,73700331.53857143,1,-311576243.470063,-1390657632.982803,-642207170.0
2018-12-04,-1690082473.3100026,48630452.58,69893673.11,1071238.0,109083948.3,98600946.95,-471163612.54428643,58899828.32714286,1,-501923140.004255,-1275371561.3807027,-768218000.0
2018-12-05,-1686296158.3700025,48506140.4,44736487.22,-1690082473.3100026,48630452.58,69893673.11,-636872417.5828581,55030445.82428571,1,-450813797.6506642,-1217659428.0878026,-842106900.0
2018-12-06,-527133918.46000105,58037274.26,50178664.75,-1686296158.3700025,48506140.4,44736487.22,-634240112.970001,57688021.30857142,1,-440937228.43402433,-1171245991.4469025,-842178800.0
2018-12-07,-545530819.6000006,51362770.58,59309064.86,-527133918.46000105,58037274.26,50178664.75,-635118990.2342867,56980223.614285715,1,-619535151.7315184,-1185541569.4925025,-879883460.0
2018-12-08,-527855745.8800011,900.0,0.0,-545530819.6000006,51362770.58,59309064.86,-710660545.1442869,51308287.67571429,1,-711816642.5647886,-1136454277.762503,-936479360.0
2018-12-10,-1896616541.6400108,106454490.36,91192696.83,-527855745.8800011,900.0,0.0,-981777774.1800026,60296568.06857143,1,-1039053100.9801239,-1147020247.4216032,-1149576300.0
2018-12-11,-545580035.2000008,73541195.15,90468909.2,-1896616541.6400108,106454490.36,91192696.83,-1059870813.2085742,55219031.904285714,1,-910397875.3361456,-1185795737.9202025,-1152086400.0
2018-12-12,-1897734557.9900112,58829154.67,48602193.67,-545580035.2000008,73541195.15,90468909.2,-1089535396.7342896,56675989.345714286,1,-1166071109.8602383,-1241411960.368803,-1222673000.0
2018-12-13,-1680543891.0900023,37589098.199999996,41109486.95,-1897734557.9900112,58829154.67,48602193.67,-1088713644.2657182,55116411.88857143,1,-948685230.9005685,-1143206630.2587028,-1175302700.0
2018-12-14,-545592478.2700008,68351948.54,76657009.28,-1680543891.0900023,37589098.199999996,41109486.95,-1091350581.3814323,56589936.78571428,1,-990645188.3013452,-1139481421.9886024,-1184233500.0
2018-12-15,1586124.349999996,36033600.68,12446463.1,-545592478.2700008,68351948.54,76657009.28,-1013191017.9600039,54400055.371428564,1,-1072530545.8826673,-1301349789.5747032,-1166312700.0
2018-12-17,-1685429730.7300026,78526211.46,95813270.48,1586124.349999996,36033600.68,12446463.1,-1178558730.0814326,65617957.00857142,1,-1347299792.7432096,-1063821710.1660024,-1321180500.0
2018-12-18,-545816759.7300007,27817028.1,29304310.33,-1685429730.7300026,78526211.46,95813270.48,-985587332.6657169,54384033.828571424,1,-865377736.7758112,-1202665969.136803,-1103019400.0
2018-12-19,-1900052664.6400115,31286226.259999998,31319019.23,-545816759.7300007,27817028.1,29304310.33,-1179083422.5857184,48347609.70142857,1,-1270667040.6623418,-1161785473.7186031,-1291768400.0
2018-12-20,-546180417.260001,34438962.01,34400442.23,-1900052664.6400115,31286226.259999998,31319019.23,-986004259.6242884,44863296.46428571,1,-829844859.1224147,-1136122546.199703,-1100398600.0
2018-12-21,-1690096231.1700027,25407072.41,26265002.04,-546180417.260001,34438962.01,34400442.23,-987368879.6357172,43123007.065714285,1,-1040634404.7239784,-1257626146.7731035,-1148600400.0
2018-12-24,-546720916.65,85402943.39,81064308.83,-1690096231.1700027,25407072.41,26265002.04,-987530085.1185741,45558863.47285714,1,-864711702.050728,-1262596352.0671027,-1107888100.0
2018-12-25,-526345572.5100009,1200.0,0.0,-546720916.65,85402943.39,81064308.83,-1062948898.9557171,40411377.66142857,1,-1126815556.01725,-1366675716.1986034,-1201728600.0
2018-12-26,-1689374668.0000026,40632837.06,35959101.33,-526345572.5100009,1200.0,0.0,-1063512461.4228599,34998038.461428575,1,-1136298438.7822907,-1139381429.3866026,-1207781100.0
2018-12-27,-1680035827.5000026,40141589.87,48539130.62,-1689374668.0000026,40632837.06,35959101.33,-1225543756.8185744,36758690.14285714,1,-1146521866.4396064,-1101149426.3633027,-1279704200.0
2018-12-28,-546266308.4300008,17330508.830000002,21150479.259999998,-1680035827.5000026,40141589.87,48539130.62,-1032145705.93143,34765016.224285714,1,-920745692.2913009,-1205253726.5560026,-1138825500.0
2018-12-29,-546605718.9700005,21514779.66,18310816.82,-546266308.4300008,17330508.830000002,21150479.259999998,-1032206463.3185729,32918704.46,1,-1095975525.8553457,-1267001683.426803,-1181909400.0
2018-12-31,-1899152515.8900115,42506336.64,55898397.94,-546605718.9700005,21514779.66,18310816.82,-1062071646.8500025,35361456.49285714,1,-1129370017.7946014,-1264290154.7554033,-1204652800.0
2019-01-01,-528470498.60000086,15392653.549999999,14034818.13,-1899152515.8900115,42506336.64,55898397.94,-1059464444.2714313,25359986.515714288,1,-920607584.4929732,-1205797817.2889025,-1151376100.0
2019-01-02,-545919244.0700008,21756101.06,18401011.6,-528470498.60000086,15392653.549999999,14034818.13,-1062260683.065717,28467829.524285715,1,-1133095553.04628,-1217870806.1182032,-1205085300.0
2019-01-03,-1898672786.0000117,21859971.25,24798316.37,-545919244.0700008,21756101.06,18401011.6,-1092160414.2085757,25785991.551428575,1,-1165124916.3512585,-1155899253.2591028,-1225924700.0
2019-01-04,-1900416583.1900115,24611729.97,21271434.97,-1898672786.0000117,21859971.25,24798316.37,-1123643379.3071482,23567440.13714286,1,-995317007.010385,-1058104636.384503,-1199552900.0
2019-01-05,-1893013028.820012,15375030.04,11209274.98,-1900416583.1900115,24611729.97,21271434.97,-1316035767.934293,23288086.02428571,1,-1222895073.2800539,-1016330529.6159027,-1336819800.0
2019-01-07,-1686792579.3600025,25685779.62,17744840.98,-1893013028.820012,15375030.04,11209274.98,-1478919605.1328642,23883943.16142857,1,-1418899360.4595497,-1117600084.5975037,-1450760100.0
2019-01-08,-545514329.7700009,36182176.78,40751383.160000004,-1686792579.3600025,25685779.62,17744840.98,-1285542721.4014344,22980491.75285714,1,-1218080963.2875698,-971519794.3515017,-1322377200.0
2019-01-09,-1686327996.8000026,25503996.54,31753133.89,-545514329.7700009,36182176.78,40751383.160000004,-1450950935.430006,24424969.32285714,1,-1595382613.2316546,-1620471332.3705049,-1483792000.0
2019-01-10,-546949348.1400001,23092517.73,22507693.63,-1686327996.8000026,25503996.54,31753133.89,-1451098093.1542914,24615885.99,1,-1420184655.103021,-1281295197.6199028,-1437807400.0
2019-01-11,1376734.0,19571952.27,21079001.55,-546949348.1400001,23092517.73,22507693.63,-1179662447.440004,24289026.13571429,1,-1270215095.9066787,-1189481730.6816032,-1289822200.0
2019-01-14,-545394523.8100008,40519512.41,36133724.52,1376734.0,19571952.27,21079001.55,-986087867.5285741,26561566.484285716,1,-1124614184.6340268,-1538066712.615504,-1171521000.0
2019-01-15,-545388323.2900009,14150158.1,14962833.78,-545394523.8100008,40519512.41,36133724.52,-793570052.4528582,26386584.778571427,1,-807194820.1965964,-1058058081.7989031,-999664830.0
2019-01-16,-546340028.5000001,21079230.05,19862592.31,-545388323.2900009,14150158.1,14962833.78,-630648259.4728578,25728506.26857143,1,-615462799.2593946,-1170012342.3309028,-875683100.0
2019-01-17,819820.2699999955,19705364.21,32179055.77,-546340028.5000001,21079230.05,19862592.31,-552600523.7528578,23374675.901428573,1,-521046090.5226328,-1169301472.1335027,-814083000.0
2019-01-18,-545139364.0,16010586.55,15400812.56,819820.2699999955,19705364.21,32179055.77,-389573576.21000034,22018474.474285714,1,-414979972.58085155,-1383560869.2262032,-705701400.0
2019-01-19,-1687224514.3800027,13258318.87,13634977.99,-545139364.0,16010586.55,15400812.56,-552470028.5300006,20613588.922857143,1,-521453370.6760612,-1183517624.2223027,-814192830.0
2019-01-21,1547710.0,31902633.73,32355321.79,-1687224514.3800027,13258318.87,13634977.99,-552445603.3871435,22375114.845714282,1,-345269663.3729916,-1157178442.9957025,-779939800.0
2019-01-22,-1689868978.3800027,16715428.3,18176868.39,1547710.0,31902633.73,32355321.79,-715941954.0400009,18974531.40142857,1,-800739010.8333248,-1383402815.818603,-962671700.0
2019-01-23,-1688207126.5800028,16857585.34,16605146.96,-1689868978.3800027,16715428.3,18176868.39,-879201783.0814297,19361306.721428573,1,-735302632.6235248,-1101252459.559903,-1026367200.0
2019-01-24,-539989473.9100012,19162126.91,16032273.09,-1688207126.5800028,16857585.34,16605146.96,-878294560.9971443,19087434.844285715,1,-733955348.8744481,-1085056400.0662029,-1025827200.0
2019-01-25,-548272038.7300001,19122182.86,19479754.54,-539989473.9100012,19162126.91,16032273.09,-956736255.1400013,19004123.22285714,1,-1004281439.2752167,-1261385546.164404,-1124567000.0
2019-01-28,-1898559162.9000113,41787046.58,35257321.13,-548272038.7300001,19122182.86,19479754.54,-1150081940.6971457,22686474.65571428,1,-1235117967.6704288,-1117802060.6734025,-1268074100.0
2019-01-29,-545734621.9300008,19907236.97,26949247.69,-1898559162.9000113,41787046.58,35257321.13,-987011956.0614312,23636320.098571427,1,-828252027.6887435,-1136955046.3942032,-1099575300.0
2019-01-30,-540216764.5400009,22482692.330000002,19758319.0,-545734621.9300008,19907236.97,26949247.69,-1064406880.9957172,22290614.18428571,1,-1135075240.2917187,-1240588072.6341033,-1204299800.0
2019-01-31,-548416974.65,18693760.22,32771793.08,-540216764.5400009,22482692.330000002,19758319.0,-901342309.0342882,22573233.029999997,1,-938100498.8550284,-1125230916.4479034,-1082864300.0
2019-02-01,-1690313516.210003,16087970.53,13855256.23,-548416974.65,18693760.22,32771793.08,-901643221.838574,22463288.057142857,1,-942350114.7422059,-1121156934.555403,-1081673500.0
2019-02-02,-1688772868.210003,12576545.870000001,13149167.23,-1690313516.210003,16087970.53,13855256.23,-1065755135.3100027,21522490.765714284,1,-957108864.5146888,-1220424180.6753025,-1164228000.0
2019-02-04,-540215199.2600007,31741230.03,33874442.28,-1688772868.210003,12576545.870000001,13149167.23,-1064604158.24286,23325211.79,1,-957031371.4269423,-1287878205.8963025,-1163591300.0
2019-02-05,-1689594798.0500028,16400797.44,14400793.67,-540215199.2600007,31741230.03,33874442.28,-1034752106.1214303,19698604.770000003,1,-1098359712.31735,-1278808192.3743033,-1181744100.0
2019-02-06,-544588298.6900005,17700582.18,19645190.44,-1689594798.0500028,16400797.44,14400793.67,-1034588345.658573,19383368.37142857,1,-919982847.9873773,-1314849842.8909025,-1141304400.0
2019-02-07,-1903214954.7300117,18259086.62,19550601.73,-544588298.6900005,17700582.18,19645190.44,-1229302372.8285747,18779996.127142858,1,-1330778740.8597677,-1180978064.5404031,-1325647400.0
2019-02-08,-1688585351.7300026,17549835.009999998,16816615.69,-1903214954.7300117,18259086.62,19550601.73,-1392183569.554289,18616578.240000002,1,-1315022721.596779,-1234475745.9540033,-1389672100.0
2019-02-09,-540249321.8300009,1600.0,0.0,-1688585351.7300026,17549835.009999998,16816615.69,-1227888684.6428604,16318525.307142857,1,-1151313734.217837,-1125900821.826403,-1280734300.0
2019-02-11,-1689232459.9900026,46088836.67,46167115.269999996,-540249321.8300009,1600.0,0.0,-1227954340.6114316,21105995.42142857,1,-1330258854.89589,-1145309078.5107036,-1326323000.0
2019-02-12,-540165541.5100007,17876802.03,18698976.28,-1689232459.9900026,46088836.67,46167115.269999996,-1227947246.647146,19125362.85,1,-1150085449.4789505,-1157357035.7787035,-1279498200.0
2019-02-13,-1902209765.4000115,18621196.19,20068797.3,-540165541.5100007,17876802.03,18698976.28,-1258320813.4114327,19442562.671428572,1,-1365807516.667605,-1097849521.7921026,-1347036400.0
2019-02-14,-540055144.1100007,20076209.68,18886348.42,-1902209765.4000115,18621196.19,20068797.3,-1257673219.9000041,19781938.028571427,1,-1154533019.6854935,-1010473863.5434028,-1295297000.0
2019-02-15,-1689881884.3900027,17000710.79,15173879.74,-540055144.1100007,20076209.68,18886348.42,-1227197066.994289,19602170.052857142,1,-1327934314.7742238,-1199853419.0677032,-1324497700.0
2019-02-16,-1690168516.190003,10391667.38,9645165.35,-1689881884.3900027,17000710.79,15173879.74,-1227423233.3457172,18579574.67714286,1,-1150320269.2346442,-1174607350.5861027,-1280625400.0
2019-02-17,-540189215.1300011,1300.0,0.0,-1690168516.190003,10391667.38,9645165.35,-1227414646.674289,18579531.82,1,-1150933983.9937248,-1165638834.6402028,-1280878200.0
2019-02-18,-546024479.1100001,31234473.13,28487126.88,-540189215.1300011,1300.0,0.0,-1064099220.8342885,16457479.885714287,1,-1134390957.8017025,-1179254421.411103,-1205582300.0
2019-02-19,-539593747.2600012,7755900.34,10324792.41,-546024479.1100001,31234473.13,28487126.88,-1064017535.9414316,15011636.787142858,1,-1130892746.186716,-1257839939.4405034,-1203180000.0
2019-02-20,-1689873789.2400029,26284269.44,24295931.67,-539593747.2600012,7755900.34,10324792.41,-1033683825.0614302,16106361.537142858,1,-1098485430.4143448,-1272717885.4865036,-1182228100.0
2019-02-21,-540224100.900001,15920828.89,18750236.830000002,-1689873789.2400029,26284269.44,24295931.67,-1033707961.745716,15512735.709999999,1,-918271339.4902729,-1311924372.4165027,-1139779700.0
2019-02-22,-546072376.44,15731502.12,14960418.16,-540224100.900001,15920828.89,18750236.830000002,-870306603.4671443,15331420.185714288,1,-902824576.7075955,-1102241714.308603,-1058640200.0
2019-02-25,-1688503833.9200027,34818035.47,30021627.86,-546072376.44,15731502.12,14960418.16,-870068791.714287,18820901.34142857,1,-900670901.4026165,-1096341823.3064032,-1058894300.0
2019-02-26,-546170041.9799998,23353877.24,21739012.95,-1688503833.9200027,34818035.47,30021627.86,-870923195.5500011,22156983.804285713,1,-722889214.3233572,-1107960839.718603,-1019608640.0
2019-02-27,-545778560.8500001,14958509.22,19185218.28,-546170041.9799998,23353877.24,21739012.95,-870888064.3700011,19831846.102857143,1,-901008050.691997,-1096341823.3064032,-1059085440.0
2019-02-28,-546170949.4299997,12048802.72,21877418.2,-545778560.8500001,14958509.22,19185218.28,-871827664.680001,20445117.87142857,1,-904375080.699092,-1085940298.901503,-1060061630.0
2019-03-01,-540130648.5000014,15966873.74,13783600.43,-546170949.4299997,12048802.72,21877418.2,-707578644.5742863,18971204.2,1,-709854272.570584,-1113940028.1853027,-933956300.0
2019-03-02,816027.9999999953,22330845.31,17721457.38,-540130648.5000014,15966873.74,13783600.43,-630287197.5885719,19886920.83142857,1,-614716755.719345,-1162236088.2861028,-875127400.0
2019-03-04,-546182719.6799997,11188194.58,9967454.58,816027.9999999953,22330845.31,17721457.38,-630302960.908572,19237876.897142857,1,-697329711.5083824,-1386919745.1199033,-897226300.0
2019-03-05,-1901416961.2600117,32848438.869999997,32142367.009999998,-546182719.6799997,11188194.58,9967454.58,-660719121.9571446,18956505.95428571,1,-650651526.3305211,-1177240102.3077025,-898764800.0
